Python Developer Intern,"Arlington, VA",https://www.linkedin.com/jobs/view/python-developer-intern-at-techflow-inc-4207808970?position=1&pageNum=0&refId=DqyU%2BKH5Vg7wKTSVE9QlZQ%3D%3D&trackingId=90XneVfcyMxoqYuA%2FqhVkQ%3D%3D
PYTHON DEVELOPER,"Washington, DC",https://www.linkedin.com/jobs/view/python-developer-at-accroid-inc-4206685150?position=2&pageNum=0&refId=DqyU%2BKH5Vg7wKTSVE9QlZQ%3D%3D&trackingId=zf0ifVR%2BMtK0%2B6RLIOLdjQ%3D%3D
Software Engineer - Python (Remote),"Chicago, IL",https://www.linkedin.com/jobs/view/software-engineer-python-remote-at-pricelabs-4207022679?position=3&pageNum=0&refId=DqyU%2BKH5Vg7wKTSVE9QlZQ%3D%3D&trackingId=Fal7k5fUKAS20TkTxTbylQ%3D%3D
Python Software Engineer (Fixed Income & Macro),United States,https://www.linkedin.com/jobs/view/python-software-engineer-fixed-income-macro-at-verition-fund-management-llc-4172891423?position=4&pageNum=0&refId=DqyU%2BKH5Vg7wKTSVE9QlZQ%3D%3D&trackingId=OrQXFAtJR4A9vOkoOZnqhg%3D%3D
Jr. Python Developer [Job ID 20250326],"Tampa, FL",https://www.linkedin.com/jobs/view/jr-python-developer-job-id-20250326-at-phoenix-cyber-4191430604?position=5&pageNum=0&refId=DqyU%2BKH5Vg7wKTSVE9QlZQ%3D%3D&trackingId=2%2FVjnGQ34Gwz%2BXWKd%2FZhlw%3D%3D
Python Developer (Junior),"Maryland, United States",https://www.linkedin.com/jobs/view/python-developer-junior-at-best-value-technology-incorporated-bvti-4202135522?position=6&pageNum=0&refId=DqyU%2BKH5Vg7wKTSVE9QlZQ%3D%3D&trackingId=xJx5LaooPEOuTE%2FqxB7Xuw%3D%3D
Python Developer Intern,United States,https://www.linkedin.com/jobs/view/python-developer-intern-at-techflow-inc-4207811713?position=7&pageNum=0&refId=DqyU%2BKH5Vg7wKTSVE9QlZQ%3D%3D&trackingId=gFudx7UXGZ1BLvRSamzvhA%3D%3D
Jr. Software Engineer - Python,"Ann Arbor, MI",https://www.linkedin.com/jobs/view/jr-software-engineer-python-at-liquid-advertising-inc-4202792622?position=8&pageNum=0&refId=DqyU%2BKH5Vg7wKTSVE9QlZQ%3D%3D&trackingId=CbAQhHT7yoBKvJtEF7SYhA%3D%3D
Python Developer,"Malvern, PA",https://www.linkedin.com/jobs/view/python-developer-at-vinsys-information-technology-inc-4195989418?position=9&pageNum=0&refId=DqyU%2BKH5Vg7wKTSVE9QlZQ%3D%3D&trackingId=p0htPYv2KSSH96sZ3FOGcQ%3D%3D
Python Developer (551-1),"Dearborn, MI",https://www.linkedin.com/jobs/view/python-developer-551-1-at-lumiere-systems-4206136580?position=10&pageNum=0&refId=DqyU%2BKH5Vg7wKTSVE9QlZQ%3D%3D&trackingId=HURso8qAwxDELdvq0ZA9WQ%3D%3D
Python Developer,"Philadelphia, PA",https://www.linkedin.com/jobs/view/python-developer-at-atika-technologies-4199128500?position=11&pageNum=0&refId=DqyU%2BKH5Vg7wKTSVE9QlZQ%3D%3D&trackingId=ChhCLupdV4DzyHTso%2FqMMQ%3D%3D
Python Developer,"Mount Laurel, NJ",https://www.linkedin.com/jobs/view/python-developer-at-accroid-inc-4176738769?position=12&pageNum=0&refId=DqyU%2BKH5Vg7wKTSVE9QlZQ%3D%3D&trackingId=wZ36qjtwmA6PnT9sdqj8Jg%3D%3D
Jr. Python Developer [Job ID 20250326],"Salt Lake City, UT",https://www.linkedin.com/jobs/view/jr-python-developer-job-id-20250326-at-phoenix-cyber-4191429757?position=13&pageNum=0&refId=DqyU%2BKH5Vg7wKTSVE9QlZQ%3D%3D&trackingId=kema3UZeOEyWxhoANIAAsw%3D%3D
Python Developer,"Pittsburgh, PA",https://www.linkedin.com/jobs/view/python-developer-at-bright-mind-solutions-llc-4171029199?position=14&pageNum=0&refId=DqyU%2BKH5Vg7wKTSVE9QlZQ%3D%3D&trackingId=ucD48XSRD6tW1DlnwR4X8w%3D%3D
Python Developer,"Tampa, FL",https://www.linkedin.com/jobs/view/python-developer-at-atika-technologies-4199691894?position=15&pageNum=0&refId=DqyU%2BKH5Vg7wKTSVE9QlZQ%3D%3D&trackingId=PZIwaGarA9XhmyLXLD6CYA%3D%3D
Python Developer (AI/ML),"Malvern, PA",https://www.linkedin.com/jobs/view/python-developer-ai-ml-at-atem-corp-4200228175?position=16&pageNum=0&refId=DqyU%2BKH5Vg7wKTSVE9QlZQ%3D%3D&trackingId=QvnSONARq96%2BlQR4ERylMA%3D%3D
Machine Learning AI/ML,"New York, NY",https://www.linkedin.com/jobs/view/machine-learning-ai-ml-at-accroid-inc-4206679802?position=17&pageNum=0&refId=DqyU%2BKH5Vg7wKTSVE9QlZQ%3D%3D&trackingId=suZo3XChw%2B6c7RqiqKSGsw%3D%3D
Data Analytics & Reporting Specialist,United States,https://www.linkedin.com/jobs/view/data-analytics-reporting-specialist-at-everbridge-4206853384?position=18&pageNum=0&refId=DqyU%2BKH5Vg7wKTSVE9QlZQ%3D%3D&trackingId=Bhi3%2FP3U%2Fas0bfSrvtFQxw%3D%3D
Python Developer/Data Modeler,"Charlotte, NC",https://www.linkedin.com/jobs/view/python-developer-data-modeler-at-teksalt-solutions-4182117162?position=19&pageNum=0&refId=DqyU%2BKH5Vg7wKTSVE9QlZQ%3D%3D&trackingId=0POKeNcAnwvbn37z2gAMMQ%3D%3D
Python Developer,"Jacksonville, FL",https://www.linkedin.com/jobs/view/python-developer-at-azimuth-4207772647?position=20&pageNum=0&refId=DqyU%2BKH5Vg7wKTSVE9QlZQ%3D%3D&trackingId=lzilmeVcK6nMekLQ9%2BSnyQ%3D%3D
Analytics Engineer,"New York, NY",https://www.linkedin.com/jobs/view/analytics-engineer-at-tickpick-4206680441?position=21&pageNum=0&refId=DqyU%2BKH5Vg7wKTSVE9QlZQ%3D%3D&trackingId=B9VmOmvzpvWZSPzRwi6CKg%3D%3D
Data Analyst - 100% Remote,"Jacksonville, FL",https://www.linkedin.com/jobs/view/data-analyst-100%25-remote-at-lensa-4206261729?position=22&pageNum=0&refId=DqyU%2BKH5Vg7wKTSVE9QlZQ%3D%3D&trackingId=pue0ToD9JwSqz%2B8kG2ayQQ%3D%3D
Entry Level Jr. Data Analyst,"New York, NY",https://www.linkedin.com/jobs/view/entry-level-jr-data-analyst-at-yoh-a-day-zimmermann-company-4206538962?position=23&pageNum=0&refId=DqyU%2BKH5Vg7wKTSVE9QlZQ%3D%3D&trackingId=LdTGx77JgEFb498tul%2FcWw%3D%3D
Data Analyst,"Kirkland, WA",https://www.linkedin.com/jobs/view/data-analyst-at-servicenow-4205969551?position=24&pageNum=0&refId=DqyU%2BKH5Vg7wKTSVE9QlZQ%3D%3D&trackingId=4LWqt4fXotq%2BfV46cJIhwA%3D%3D
Python Developer,"Dearborn, MI",https://www.linkedin.com/jobs/view/python-developer-at-lumiere-systems-4200344015?position=25&pageNum=0&refId=DqyU%2BKH5Vg7wKTSVE9QlZQ%3D%3D&trackingId=pxSw8%2Fznjc6Zb6ZPpHQerg%3D%3D
Software Developer,"Denver, CO",https://www.linkedin.com/jobs/view/software-developer-at-sinch-4206572601?position=26&pageNum=0&refId=DqyU%2BKH5Vg7wKTSVE9QlZQ%3D%3D&trackingId=KcotEt63ahLBtWVSN%2BSB4A%3D%3D
Python AI Engineer,"Mountain View, CA",https://www.linkedin.com/jobs/view/python-ai-engineer-at-agile-fuel-world-class-dedicated-engineering-teams-4184295023?position=27&pageNum=0&refId=DqyU%2BKH5Vg7wKTSVE9QlZQ%3D%3D&trackingId=dwU5xSos1dLrkDZ%2B1bWwZw%3D%3D
"Python Aws Developer ----- Atlanta ,GA","Atlanta, GA",https://www.linkedin.com/jobs/view/python-aws-developer%C2%A0-atlanta-ga-at-largeton-group-4189676855?position=28&pageNum=0&refId=DqyU%2BKH5Vg7wKTSVE9QlZQ%3D%3D&trackingId=nh5mcjZZFc9I719QwlHBvw%3D%3D
Data Scientist(GenAI),"Dallas, TX",https://www.linkedin.com/jobs/view/data-scientist-genai-at-tiger-analytics-4205957522?position=29&pageNum=0&refId=DqyU%2BKH5Vg7wKTSVE9QlZQ%3D%3D&trackingId=QT%2B5O7epLh9r289HUdCn3A%3D%3D
Data Analyst Remote,United States,https://www.linkedin.com/jobs/view/data-analyst-remote-at-multitech-trades-corp-4207297240?position=30&pageNum=0&refId=DqyU%2BKH5Vg7wKTSVE9QlZQ%3D%3D&trackingId=8vILJXf7AAe%2FvU8trgP0Ww%3D%3D
Fraud Analyst,New York City Metropolitan Area,https://www.linkedin.com/jobs/view/fraud-analyst-at-moonpay-4207848503?position=31&pageNum=0&refId=DqyU%2BKH5Vg7wKTSVE9QlZQ%3D%3D&trackingId=4Js15FYx%2BJRUpdr3I7f%2FVw%3D%3D
Python Developer,"Dearborn, MI",https://www.linkedin.com/jobs/view/python-developer-at-dexian-india-4201214290?position=32&pageNum=0&refId=DqyU%2BKH5Vg7wKTSVE9QlZQ%3D%3D&trackingId=%2BMmkFLjZ%2B8a8gc3BI4YRdA%3D%3D
Python Engineer - W2 Only - 100% remote,"Costa Mesa, CA",https://www.linkedin.com/jobs/view/python-engineer-w2-only-100%25-remote-at-chelsoft-solutions-co-4205096116?position=33&pageNum=0&refId=DqyU%2BKH5Vg7wKTSVE9QlZQ%3D%3D&trackingId=H%2BgjiTx37LP0dzV7JYCELQ%3D%3D
Python Developer,"New York, United States",https://www.linkedin.com/jobs/view/python-developer-at-hackajob-4198253524?position=34&pageNum=0&refId=DqyU%2BKH5Vg7wKTSVE9QlZQ%3D%3D&trackingId=ltBVAPozOvLEGuWTXA3sIg%3D%3D
GIS Analyst,"California, United States",https://www.linkedin.com/jobs/view/gis-analyst-at-dudek-4207063288?position=35&pageNum=0&refId=DqyU%2BKH5Vg7wKTSVE9QlZQ%3D%3D&trackingId=4tDQGHXw%2BMtPzyHHAqBSdw%3D%3D
Data Scientist,"Miami, FL",https://www.linkedin.com/jobs/view/data-scientist-at-one-park-financial-4206230485?position=36&pageNum=0&refId=DqyU%2BKH5Vg7wKTSVE9QlZQ%3D%3D&trackingId=dL14GD8%2B6BfFdWXgXlWXBw%3D%3D
Python Developer,"Nashville, TN",https://www.linkedin.com/jobs/view/python-developer-at-cozen-technology-solutions-inc-4201156000?position=37&pageNum=0&refId=DqyU%2BKH5Vg7wKTSVE9QlZQ%3D%3D&trackingId=4QgfWtARO5uzodaREUGabw%3D%3D
Data Engineer/Python Ardhitect,United States,https://www.linkedin.com/jobs/view/data-engineer-python-ardhitect-at-it-minds-llc-4184895322?position=38&pageNum=0&refId=DqyU%2BKH5Vg7wKTSVE9QlZQ%3D%3D&trackingId=saM82jH32tFaH975qWNA0g%3D%3D
Software Developer - Summer Internship 2025,"Bensenville, IL",https://www.linkedin.com/jobs/view/software-developer-summer-internship-2025-at-al-warren-oil-company-inc-4206203704?position=39&pageNum=0&refId=DqyU%2BKH5Vg7wKTSVE9QlZQ%3D%3D&trackingId=fJ9zD%2Fbgcx6SeblsihvxQA%3D%3D
Python Developer,"Alpharetta, GA",https://www.linkedin.com/jobs/view/python-developer-at-sense-respond-software-llc-4203765005?position=40&pageNum=0&refId=DqyU%2BKH5Vg7wKTSVE9QlZQ%3D%3D&trackingId=lmfD%2Fv1%2BGIusVUUl9oDShw%3D%3D
Python SDET / Developer,"Rockville, MD",https://www.linkedin.com/jobs/view/python-sdet-developer-at-ascending-inc-4195304377?position=41&pageNum=0&refId=DqyU%2BKH5Vg7wKTSVE9QlZQ%3D%3D&trackingId=UdIouo48Uq2a14nxA0u8VQ%3D%3D
Full-stack Python Engineer,"Mobile, AL",https://www.linkedin.com/jobs/view/full-stack-python-engineer-at-provectus-4200129186?position=42&pageNum=0&refId=DqyU%2BKH5Vg7wKTSVE9QlZQ%3D%3D&trackingId=VhD8FRmScPSIlvQFvd98mQ%3D%3D
Data Scientist Intern,"Nashville, TN",https://www.linkedin.com/jobs/view/data-scientist-intern-at-healthstream-4206611564?position=43&pageNum=0&refId=DqyU%2BKH5Vg7wKTSVE9QlZQ%3D%3D&trackingId=mAVJ1Hqw1S%2FntpV3yZLCCw%3D%3D
Python Developer (Django),"Milwaukee, WI",https://www.linkedin.com/jobs/view/python-developer-django-at-quest-ce-4185481611?position=44&pageNum=0&refId=DqyU%2BKH5Vg7wKTSVE9QlZQ%3D%3D&trackingId=lnlFjqFhw189JIK38qfqJA%3D%3D
Data Scientist,"Deerfield, IL",https://www.linkedin.com/jobs/view/data-scientist-at-walgreens-4206528274?position=45&pageNum=0&refId=DqyU%2BKH5Vg7wKTSVE9QlZQ%3D%3D&trackingId=wzhpxDtaUoj72Y7dOTxjzA%3D%3D
"Software Engineer, Integrations","New York, NY",https://www.linkedin.com/jobs/view/software-engineer-integrations-at-pinwheel-4206689156?position=46&pageNum=0&refId=DqyU%2BKH5Vg7wKTSVE9QlZQ%3D%3D&trackingId=rOFL7wzTj8ALvneqjD9mgw%3D%3D
Data Analyst,United States,https://www.linkedin.com/jobs/view/data-analyst-at-engine-4207071807?position=47&pageNum=0&refId=DqyU%2BKH5Vg7wKTSVE9QlZQ%3D%3D&trackingId=VymUdv1X2jhGsy5kLYT5oA%3D%3D
Data Analyst (100% Remote),United States,https://www.linkedin.com/jobs/view/data-analyst-100%25-remote-at-clearcaptions-llc-4206124243?position=48&pageNum=0&refId=DqyU%2BKH5Vg7wKTSVE9QlZQ%3D%3D&trackingId=0bOxWKw%2BVGDnHqdBBlmCDg%3D%3D
"Sr. Data Analyst, Payments","New York, NY",https://www.linkedin.com/jobs/view/sr-data-analyst-payments-at-varo-bank-4207056173?position=49&pageNum=0&refId=DqyU%2BKH5Vg7wKTSVE9QlZQ%3D%3D&trackingId=MCpJ39N76I%2BDg5d3zRLUBw%3D%3D
Data Analyst,United States,https://www.linkedin.com/jobs/view/data-analyst-at-trust-will-4207298627?position=50&pageNum=0&refId=DqyU%2BKH5Vg7wKTSVE9QlZQ%3D%3D&trackingId=0B%2BpzEbibxEiUxqmM323tg%3D%3D
"Analyst, Entry Level","New York, NY",https://www.linkedin.com/jobs/view/analyst-entry-level-at-m-phasize-4206263054?position=51&pageNum=0&refId=DqyU%2BKH5Vg7wKTSVE9QlZQ%3D%3D&trackingId=zW1yG%2BJti1oZVQajGrkdkQ%3D%3D
"Software  Engineer, Data Visualization","San Francisco, CA",https://www.linkedin.com/jobs/view/software-engineer-data-visualization-at-openai-4206036221?position=52&pageNum=0&refId=DqyU%2BKH5Vg7wKTSVE9QlZQ%3D%3D&trackingId=Iz5%2F6cjYR2n%2F4QtUwQzfuw%3D%3D
Data Analyst Intern,"Charleston, SC",https://www.linkedin.com/jobs/view/data-analyst-intern-at-indus-technology-inc-4206275736?position=53&pageNum=0&refId=DqyU%2BKH5Vg7wKTSVE9QlZQ%3D%3D&trackingId=8LQTaFXXaliKF7Su9os9Kg%3D%3D
Junior Developer,"San Jose, CA",https://www.linkedin.com/jobs/view/junior-developer-at-orvix-engineering-4206434290?position=54&pageNum=0&refId=DqyU%2BKH5Vg7wKTSVE9QlZQ%3D%3D&trackingId=gJDuEwbZ%2FW4QrvDIfNQoiQ%3D%3D
Python Developer [Job ID 20250326],"Atlanta, GA",https://www.linkedin.com/jobs/view/python-developer-job-id-20250326-at-phoenix-cyber-4191426942?position=55&pageNum=0&refId=DqyU%2BKH5Vg7wKTSVE9QlZQ%3D%3D&trackingId=69mOjKcMAHK8mJeDpZ9NEA%3D%3D
Python Developer,"Irving, TX",https://www.linkedin.com/jobs/view/python-developer-at-ltimindtree-4187521076?position=56&pageNum=0&refId=DqyU%2BKH5Vg7wKTSVE9QlZQ%3D%3D&trackingId=zRLfwOMCgYzsYWXWd2T8Qg%3D%3D
Software Developer Intern - edo,"Denver, CO",https://www.linkedin.com/jobs/view/software-developer-intern-edo-at-edo-4207070243?position=57&pageNum=0&refId=DqyU%2BKH5Vg7wKTSVE9QlZQ%3D%3D&trackingId=ifuSQR87lysEuGjN37tkfA%3D%3D
Python Developer,"Columbus, Ohio Metropolitan Area",https://www.linkedin.com/jobs/view/python-developer-at-agility-partners-4206647955?position=58&pageNum=0&refId=DqyU%2BKH5Vg7wKTSVE9QlZQ%3D%3D&trackingId=K5zfOJSh4uUprBzfXCNiAw%3D%3D
Python Developer,"Irving, TX",https://www.linkedin.com/jobs/view/python-developer-at-ltimindtree-4184457575?position=59&pageNum=0&refId=DqyU%2BKH5Vg7wKTSVE9QlZQ%3D%3D&trackingId=WsPHcI%2F7P1PnEi8makq89w%3D%3D
Python Developer,United States,https://www.linkedin.com/jobs/view/python-developer-at-kodeva-llc-4207845912?position=60&pageNum=0&refId=DqyU%2BKH5Vg7wKTSVE9QlZQ%3D%3D&trackingId=oZTArRJtJ%2FY9P%2FJ2L8Ktaw%3D%3D
